{
  "$schema": "./node_modules/nx/schemas/nx-schema.json",
  "targetDefaults": {
    "build": {
      "cache": true,
      "dependsOn": ["^build"],
      "inputs": ["production", "^production"]
    },
    "test": {
      "cache": true,
      "inputs": ["default", "^production"]
    },
    "lint": {
      "cache": true,
      "inputs": ["default", "{workspaceRoot}/.eslintrc.json", "{workspaceRoot}/eslint.config.js"]
    },
    "@nx/angular:ng-packagr-lite": {
      "cache": true,
      "dependsOn": ["^build"],
      "inputs": ["production", "^production"]
    },
    "@nx/esbuild:esbuild": {
      "cache": true,
      "dependsOn": ["^build"],
      "inputs": ["production", "^production"]
    },
    "@angular-devkit/build-angular:application": {
      "cache": true,
      "dependsOn": ["^build"],
      "inputs": ["production", "^production"]
    },
    "@nx/jest:jest": {
      "cache": true,
      "inputs": ["default", "^production", "{workspaceRoot}/jest.preset.js"],
      "options": {
        "passWithNoTests": true
      },
      "configurations": {
        "ci": {
          "ci": true,
          "codeCoverage": true
        }
      }
    }
  },
  "defaultBase": "main",
  "namedInputs": {
    "sharedGlobals": [],
    "default": ["{projectRoot}/**/*", "sharedGlobals"],
    "production": [
      "default",
      "!{projectRoot}/tsconfig.spec.json",
      "!{projectRoot}/**/*.spec.[jt]s",
      "!{projectRoot}/karma.conf.js",
      "!{projectRoot}/.eslintrc.json",
      "!{projectRoot}/eslint.config.js",
      "!{projectRoot}/**/?(*.)+(spec|test).[jt]s?(x)?(.snap)",
      "!{projectRoot}/jest.config.[jt]s",
      "!{projectRoot}/src/test-setup.[jt]s",
      "!{projectRoot}/test-setup.[jt]s"
    ]
  },
  "generators": {
    "@nx/angular:component": {
      "style": "scss"
    },
    "@nx/angular:library": {
      "linter": "eslint",
      "unitTestRunner": "none"
    },
    "@nx/angular:application": {
      "e2eTestRunner": "none",
      "linter": "eslint",
      "style": "scss",
      "unitTestRunner": "jest"
    }
  },
  "plugins": [
    {
      "plugin": "@nx/eslint/plugin",
      "options": {
        "targetName": "lint"
      }
    },
    {
      "plugin": "@nx/storybook/plugin",
      "options": {
        "serveStorybookTargetName": "storybook",
        "buildStorybookTargetName": "build-storybook",
        "testStorybookTargetName": "test-storybook",
        "staticStorybookTargetName": "static-storybook"
      }
    }
  ]
}
